Abundant Heaven	https://www.abundant-heaven.com/	621 East Campbell Avenue, Santa Clara County Campbell, CA	https://www.yelp.com/biz/abundant-heaven-traditional-chinese-medicine-campbell	(408) 628-1805	Jessica Giese Gardner	L.Ac. MTCM	Yes	General Acupuncture				http://sf.cityvoter.com/best/acupuncture/beauty-and-wellness/bay-area		https://www.abundant-heaven.com/jessica-giese-gardner-l-ac	Pain Management, Stress Management, Women's Health, Chronic Illness	Personal Bio	2	2	
Abundant Heaven	https://www.abundant-heaven.com/				Michael Brown	L.Ac. MTCM								https://www.abundant-heaven.com/michael-e-brown-l-ac	General Acupuncture	General Practice	3	2	
Acupuncture & Health Center	http://www.acupuncturehealth.org/	400 29th St, Suite 317  Oakland, CA 94609	https://www.yelp.com/biz/acupuncture-and-health-center-oakland-3	510.612.3150	Jumbe Allen	L.Ac.		stress-related disorders, acute and chronic pain, neurological dysfunction, complementary cancer care, development of children with special needs				https://www.expertise.com/ca/san-francisco/acupuncture		http://www.acupuncturehealth.org/w-jumbe-allen/	General Acupuncture	Personal Bio	4	3	
Acupuncture Hive	http://www.acupuncturehive.com/	1533 Taraval Street, San Francisco, CA 94116	https://www.yelp.com/biz/acupuncture-hive-san-francisco	415 988 5157	Eva Larson	MSTOM - Masters of Science in Traditional Chinese Medicine						https://www.yelp.com/search?find_desc=Acupuncture&find_loc=San+Francisco,+CA		http://www.acupuncturehive.com/bio/	Pain management, women's health, skin disorders and mental-emotional health.	Personal Bio	5	4	
Acupuncture Hive	http://www.acupuncturehive.com/				Heather Bird	MTCM		women’s health, pediatrics, orthopedics, wellness maintenance   reproductive and hormonal health at every stage of life, including adolescence, labor and menopause. physical pain and injuries, digestive imbalances, depression/anxiety, and immune disorders						http://www.acupuncturehive.com/bio/	women’s health, pediatrics, orthopedics, wellness maintenance   reproductive and hormonal health at every stage of life, including adolescence, labor and menopause. physical pain and injuries, digestive imbalances, depression/anxiety, and immune disorders	Personal Bio	6	4	
Acupuncture Mama	www.acupuncturemama.com	4730 Hoen Avenue Suite A,
 Santa Rosa, CA 95405	https://www.yelp.com/biz/acupuncture-mama-santa-rosa	(707) 303-7200	Annette Romios	L.Ac. (Chinese Medicine)								http://acupuncturemama.com/about-us/	Fertility & Pregnancy, Menstrual Disorders, Hormonal Imbalances & Menopause, Stress, Anxiety & Insomnia, Migraines & Headaches	Personal Bio	7	5	
Acupuncture Mama	www.acupuncturemama.com				Gidon Levenbach	L.Ac. (Chinese Medicine)								http://acupuncturemama.com/about-us/	Fertility & Pregnancy, Menstrual Disorders, Hormonal Imbalances & Menopause, Stress, Anxiety & Insomnia, Migraines & Headaches	Personal Bio	8	5	
Acupuncture Professionals	http://acupunctureprofessionals.com/	862 Folsom Street San Francisco, CA 94107	https://www.yelp.com/biz/chris-o-donnell-lac-acupuncture-professionals-san-francisco	(415) 412-8841	Chris O'Donnell	L.Ac., QME		Orthopedics & Sport Medicine	look at site		Yes	https://www.expertise.com/ca/san-francisco/acupuncture		http://acupunctureprofessionals.com/bio/	Pain and Injury	Personal Bio	9	6	
Ahimsa Wellness	https://www.ahimsawellness.org/	1844 San Miguel Drive, Suite 308A Walnut Creek CA 94596	https://www.yelp.com/biz/ahimsa-wellness-walnut-creek	(925) 322-1313	Katie Ngan	DC, L.Ac.	Yes					http://sf.cityvoter.com/best/acupuncture/beauty-and-wellness/bay-area		https://www.ahimsawellness.org/about/	General Acupuncture	General Practice	10	7	
Alameda Acupuncture	http://www.alamedaacupuncture.com/	2258 Santa Clara Avenue, Alameda, CA	https://www.yelp.com/biz/alameda-acupuncture-alameda-3	(510) 814-6900	John Nieters	L.Ac. DAOM		Sports Medicine, Fertility, Pregnancy, Menopause, diabetes, Autoimmune, Pain & Injury, Facial Rejuvenation  		https://alamedaacupuncture.com/what-is-acupuncture/what-we-treat/		http://sf.cityvoter.com/best/acupuncture/beauty-and-wellness/bay-area		https://alamedaacupuncture.com/john-nieters/	Chronic and degenerative health conditions	Personal Bio	11	8	
Alameda Acupuncture	http://www.alamedaacupuncture.com/				Jenny Nieters	L.Ac.								https://alamedaacupuncture.com/jenny-nieters/	Orthopedic injuries, rehabilitation and performance enhancement	Personal Bio	12	8	
Alameda Community Acupuncture	http://www.alamedacommunityacu.com/	1716 Lincoln Avenue, Alameda, CA	https://www.yelp.com/biz/alameda-community-acupuncture-alameda	510-255-0880	Donna Chang	L.Ac. (MSOM)						http://sf.cityvoter.com/best/acupuncture/beauty-and-wellness/bay-area		http://www.alamedacommunityacu.com/who-we-are/	Holistic vision care, nutrition, women's health, pain reduction, digestive health, immunity and stress management.	Personal Bio	13	9	
Alameda Community Acupuncture	http://www.alamedacommunityacu.com/				Mandy Rosenberg	L.Ac. (MSOM) 								http://www.alamedacommunityacu.com/who-we-are/	General Acupuncture	General Practice	14	9	
Alameda Community Acupuncture	http://www.alamedacommunityacu.com/				Ana Simono	L.Ac. (MSOM)  								http://www.alamedacommunityacu.com/who-we-are/	stress management, fertility, insomnia, internal medicine and pain management	Personal Bio	15	9	
Alameda Community Acupuncture	http://www.alamedacommunityacu.com/				Eun Kim	L.Ac. (MSOM)								http://www.alamedacommunityacu.com/who-we-are/	General Acupuncture	General Practice	16	9	
Alison Hunter Acupuncture	www.dralisonhunter.com	1101 S. Winchester Blvd, P-297
 San Jose, CA 95128	https://www.yelp.com/biz/alison-hunter-lac-omd-faborm-san-jose	831 239-2623	Alison Hunter	L.Ac. OMD, FABORM								http://www.dralisonhunter.com/san-jose-acupuncturist-dr-alison-hunter/	Reproductive medicine, pregnancy and women’s health	Personal Bio	17	10	
Allergy Relief Sonoma	http://allergyreliefsonoma.com/	1020 Gravenstein Highway North, World Map Sebastopol, CA	https://www.yelp.com/biz/allergy-relief-center-of-sonoma-county-sebastopol	(855) 488-1800	Stephen Zilber	L.Ac.		Allergy, Immune				http://sf.cityvoter.com/best/acupuncture/beauty-and-wellness/bay-area		http://allergyreliefsonoma.com/about/	Functional endocrinology and immunology with a focus on allergies and auto-immune conditions	Personal Bio	18	11	
Allison Crawford Acupuncture	http://allisoncrawford.com/	SOMA Health Center 862 Folsom St.  San Francisco, Ca  94107	https://www.yelp.com/biz/allison-crawford-san-francisco-2	415 819 5352	Allison Crawford	M.S., L.Ac.		women’s health (infertility, PMS, prenatal care, etc.), chronic pain management			Yes	https://www.expertise.com/ca/san-francisco/acupuncture		http://www.allisoncrawford.com/my-story/	Fertility and women’s health	Personal Bio	19	12	
Anchor Acupuncture & Wellness	http://anchoracu.com/	22 Battery Street, 8th Floor, Suite 802
 San Francisco, CA 94111	https://www.yelp.com/biz/anchor-acupuncture-and-wellness-san-francisco	415-855-3112	Amanda Moler	M.S. Dipl Ac, L.Ac, FABORM								http://anchoracu.com/about-us/	Women’s health and fertility issues	Personal Bio	21	14	
Anchor Acupuncture & Wellness	http://anchoracu.com/				Anna Ritner	L.Ac., FABORM								http://anchoracu.com/about-us/	Women’s health – including fertility medicine, hormone balancing, and pre-natal & postpartum care	Personal Bio	22	14	85
Monarch Acupunture & Wellness	https://www.monarchacupuncture.com/	1901 Olympic Boulevard, Ste. 120
 Walnut Creek, CA, 94596	https://www.yelp.com/biz/monarch-acupuncture-and-wellness-walnut-creek	(925) 268-8830	Anna Ritner	L.Ac., FABORM								https://www.monarchacupuncture.com/about/	Women’s health – including fertility medicine, hormone balancing, and pre-natal & postpartum care	Personal Bio	22	85	
Anna Gold Acupuncture	http://annagoldacupuncture.com/	500 Sutter Street #908, Nob Hill San Francisco, CA	https://www.yelp.com/biz/anna-gold-acupuncture-san-francisco	415.891.9993	Anna Hsieh Gold	L.Ac, MTOM, FABORM		General Acupuncture, chronic and acute pain, emotional disorders, stress and anxiety, insomnia, digestive disorders, skin irritations, migraines, hormonal and reproductive issues in both women and men  Facial Acupuncture  Fertility, IVF Support, Pre-Natal & Post-Natal Care		https://annagoldacupuncture.com/services/		http://sf.cityvoter.com/best/acupuncture/beauty-and-wellness/bay-area  https://www.expertise.com/ca/san-francisco/acupuncture		https://annagoldacupuncture.com/about-anna/	General Acupuncture	General Practice	23	15	
Annie Wang Acupuncture (Los Altos)	http://www.anniewanglac.com/	895 Sherwood Avenue, Suite 101, Los Altos, CA 94022  1601 El Camino Real, Suite 303, Belmont, CA 94002	https://www.yelp.com/biz/annie-wang-acupuncture-los-altos-3	650-468-3636  650-468-3636	Annie Wang	ABORM 								http://www.anniewanglac.com/team/	Female fertility, Male fertility,  Pregnancy wellness, Acupuncture for pain, Acupuncture for teenagers	Personal Bio	24	17	
Annie Wang Acupuncture (Los Altos)	http://www.anniewanglac.com/				Jeannette Schreiber	L.Ac.								http://www.anniewanglac.com/team/	Pain Relief Digestion Internal Medicine Fertility	Personal Bio	25	17	
Annie Wang Acupuncture (Los Altos)	http://www.anniewanglac.com/				Sophia Chang	L.Ac.								http://www.anniewanglac.com/team/	Female Fertility
 Male Fertility
 Pregnancy Wellness
 Acupuncture for Pain
 Menopause	Personal Bio	26	17	
Balance Restored	www.balancerestored.com	21 Tamal Vista, Suite 175
 Corte Madera, CA 94925	https://www.yelp.com/biz/balance-restored-corte-madera-3	415-381-8500	Susan Fox	M.S., L.Ac., FABORM								https://www.balancerestored.com/	infertility, as well as pregnancy, post-partum, peri-menopause and menopause.	Personal Bio	27	18	
Bay Chinese Medicine	http://baychinesemedicine.com/	4444 Geary BLVD, Suite 304. San Francisco, CA 94118	https://www.yelp.com/biz/bay-chinese-medicine-san-francisco	415-683-5622	Heather Sheilds	DACM, L.Ac., DIPL OM, FABORM								http://baychinesemedicine.com/about/	Fertility, woman's health, pain management.	Personal Bio	28	19	
Berkeley Acupuncture Project	http://www.berkeleyacuproject.com/	1834 University Avenue, Berkeley, CA	https://www.yelp.com/biz/berkeley-acupuncture-project-berkeley	(510) 845-1100	Amanda Quvus Kawanami	L.Ac.						http://sf.cityvoter.com/best/acupuncture/beauty-and-wellness/bay-area		https://seedtograin.wordpress.com/acupuncture/	Pediatrics, Pre/Post Natal Support, Digestive Disorders and Preventive Care	Personal Bio	29	20	
Berkeley Acupuncture Project	http://www.berkeleyacuproject.com/				Cassandra Rose	L.Ac.								http://www.roselac.com/who.html	Gynecology, and Pain Management, Pediatrics	General Practice	30	20	
Berkeley Acupuncture Project	http://www.berkeleyacuproject.com/				Joleen McKillip	L.Ac.								http://www.berkeleyacuproject.com/JoleenMckillip.html	Women's Health, Respiratory Disorders, Digestive, Autoimmune Disorders, Fertility, Fatigue, Addiction to Alcohol and Tobacco	General Practice	31	20	
Berkeley Acupuncture Project	http://www.berkeleyacuproject.com/				Jorge Madrid	L.Ac.								http://www.berkeleyacuproject.com/JorgeMadrid_e1.html	Pain Management, Produce Anethesia	Personal Bio	32	20	
Berkeley Acupuncture Project	http://www.berkeleyacuproject.com/				Julia Carpenter	L.Ac.								http://www.berkeleyacuproject.com/JuliaCarpenter.html	Women's Health, Respiratory Disorders, Digestive, Autoimmune Disorders, Fertility, Fatigue, Addiction to Alcohol and Tobacco	General Practice	33	20	
Berkeley Acupuncture Project	http://www.berkeleyacuproject.com/				Liz Spurlock	L.Ac.								http://www.berkeleyacuproject.com/LizSpurlock.html	Women's Health, Respiratory Disorders, Digestive, Autoimmune Disorders, Fertility, Fatigue, Addiction to Alcohol and Tobacco	General Practice	34	20	
Berkeley Acupuncture Project	http://www.berkeleyacuproject.com/				Mary Stewart	L.Ac.								http://www.berkeleyacuproject.com/MaryStewart.html	Women's Health, Respiratory Disorders, Digestive, Autoimmune Disorders, Fertility, Fatigue, Addiction to Alcohol and Tobacco	General Practice	35	20	
Berkeley Acupuncture Project	http://www.berkeleyacuproject.com/				Michelle Lemieux	L.Ac.								http://www.berkeleyacuproject.com/MichelleLemieux.html	Women's Health, Respiratory Disorders, Digestive, Autoimmune Disorders, Fertility, Fatigue, Addiction to Alcohol and Tobacco	General Practice	36	20	
Berkeley Acupuncture Project	http://www.berkeleyacuproject.com/				Sean Carson	L.Ac.								http://www.berkeleyacuproject.com/SeanCarson.html	Women's Health, Respiratory Disorders, Digestive, Autoimmune Disorders, Fertility, Fatigue, Addiction to Alcohol and Tobacco	General Practice	37	20	
Berkeley Acupuncture Project	http://www.berkeleyacuproject.com/				Sierra-maria Magdalena	L.Ac.								http://www.berkeleyacuproject.com/SierraMaria.html	Women's Health, Respiratory Disorders, Digestive, Autoimmune Disorders, Fertility, Fatigue, Addiction to Alcohol and Tobacco	General Practice	38	20	
Berkeley Acupuncture Project	http://www.berkeleyacuproject.com/				Lance Myoei	L.Ac.								http://www.berkeleyacuproject.com/LanceMyoei.html	Women's Health, Respiratory Disorders, Digestive, Autoimmune Disorders, Fertility, Fatigue, Addiction to Alcohol and Tobacco	General Practice	39	20	
Berkeley Acupuncture Project	http://www.berkeleyacuproject.com/				Ozben Felek	L.Ac.								http://www.berkeleyacuproject.com/OzbenFelek.html	Women's Health, Respiratory Disorders, Digestive, Autoimmune Disorders, Fertility, Fatigue, Addiction to Alcohol and Tobacco	General Practice	40	20	
Berkeley Acupuncture Project	http://www.berkeleyacuproject.com/				Paolo Chico	L.Ac.								http://www.berkeleyacuproject.com/Paolo.html	Women's Health, Respiratory Disorders, Digestive, Autoimmune Disorders, Fertility, Fatigue, Addiction to Alcohol and Tobacco	General Practice	41	20	
Berkeley Acupuncture Project	http://www.berkeleyacuproject.com/				Stanley Wu	L.Ac.								http://www.berkeleyacuproject.com/StanleyWu.html	Women's Health, Respiratory Disorders, Digestive, Autoimmune Disorders, Fertility, Fatigue, Addiction to Alcohol and Tobacco	General Practice	42	20	
Berkeley Acupuncture Project	http://www.berkeleyacuproject.com/				Vignesh Swaminathan	L.Ac.								http://www.berkeleyacuproject.com/Vignesh.html	Women's Health, Respiratory Disorders, Digestive, Autoimmune Disorders, Fertility, Fatigue, Addiction to Alcohol and Tobacco	General Practice	43	20	
BiaoHealth	http://www.biaohealth.com/	2370 Market street, Castro San Francisco, CA	https://www.yelp.com/biz/biaohealth-acupuncture-san-francisco	(415) 846-0963	Amy Petrarca	MS, RN, L.Ac., Dipl. OM		General Health & Wellness Stress Reduction Sound Therapy Facial Constitutional Acupuncture Skin Health & Resilience Metabolic Imbalances Auto-Immune Conditions Endocrine (Hormone) Imbalances Gastrointestinal Health Traumatic Injuries & Inflammation				http://sf.cityvoter.com/best/acupuncture/beauty-and-wellness/bay-area		http://www.biaohealth.com/bio	General Acupuncture	General Practice	44	21	
Blessing Acupuncture	http://www.blessingacu.com/	555 Webster St, Second Floor, Monterey, CA 93940	https://www.yelp.com/biz/blessing-acupuncture-monterey-2	(831) 333-1434	Rikke Blessing	MS, L.Ac., Dipl. OM, FABORM								http://www.blessingacu.com/about.html	Infertility and women’s health	Personal Bio	45	22	
Blue Ova Health	https://www.blueova.com/	1414 Castro Street, Noe Valley San Francisco, CA	https://www.yelp.com/biz/blue-ova-health-san-francisco	(415) 795-3900	Robin Sheared	L.Ac. FABORM		fertility, pregnancy, postnatal, and women's health				http://sf.cityvoter.com/best/acupuncture/beauty-and-wellness/bay-area  http://sanfrancisco.cbslocal.com/top-lists/best-places-for-acupuncture-in-the-bay-area/		https://www.blueova.com/robin-sheared	Fertility, pregnancy and post-natal care	Personal Bio	46	23	
Blue Ova Health	https://www.blueova.com/				Dashal Moore	L.Ac. ABORM								https://www.blueova.com/dashal-moore	Women’s health, fertility, autoimmune conditions, and sports medicine	Personal Bio	47	23	
Blue Ova Health	https://www.blueova.com/				Rachel Hemphill 	L.Ac. FABORM								https://www.blueova.com/rachel-hemphill	Fertility, and reproductive medicine	Personal Bio	48	23	
Blue Ova Health	https://www.blueova.com/				Susan Housand	L.Ac. ABORM								https://www.blueova.com/susan-housand	Women’s health and fertility	Personal Bio	49	23	
Blue Path Acupuncture	http://www.bluepathacupuncture.com/	3400 California St #100
 San Francisco, CA 94118	https://www.yelp.com/biz/blue-path-acupuncture-san-francisco	415-754-3331	Lisa Lam	L.Ac.						https://www.yelp.com/search?find_desc=Acupuncture&find_loc=San+Francisco,+CA		http://www.bluepathacupuncture.com/about-us/	Acute and chronic pain, digestive disorders, stress, fatigue, and internal medicine	Personal Bio	50	24	
Brannan Street Acupuncture	http://www.brannanstreetacupuncture.com/	141 Brannan St, SoMa San Francisco, CA	https://www.yelp.com/biz/dan-abels-lac-brannan-street-acupuncture-san-francisco	415-578-1016	Daniel Abels	L.Ac.	Yes	lower back and hip pain, neck and shoulder pain, sports injuries, stress and anxiety, digestive disorders and women's health and fertility		http://www.brannanstreetacupuncture.com/contents/acupuncture-tcm/what-conditions-can-acupuncture-treat	Yes	http://sf.cityvoter.com/best/acupuncture/beauty-and-wellness/bay-area  https://www.expertise.com/ca/san-francisco/acupuncture  https://www.yelp.com/search?find_desc=Acupuncture&find_loc=San+Francisco,+CA		http://www.brannanstreetacupuncture.com/	Pain Injury, Stress and Anxiety, Digestive Disorders, and Woman's Health & Fertility	Personal Bio	51	25	
Bu Tong Acupuncture	https://www.butongacupuncture.com/	1364 Valencia St, San Francisco, CA 94110	https://www.yelp.com/biz/bu-tong-acupuncture-san-francisco	415-967-0476	Julie Baumhofer	L.Ac.						https://www.yelp.com/search?find_desc=Acupuncture&find_loc=San+Francisco,+CA		https://www.butongacupuncture.com/about.html	Chronic pain, stress, infertility, compromised immunity, depression, anxiety, menopause, irregular menses and PMS/PMDD	Personal Bio	52	26	
Castro Valley Acupuncture	http://www.caryngoldman.com/	2881 Castro Valley Boulevard, Suite D, World Map Castro Valley, CA	https://www.yelp.com/biz/castro-valley-acupuncture-castro-valley	(510) 727-1238	Caryn Goldman	R.N., L.Ac.		Women's Health, Pain		http://www.caryngoldman.com/pages/conditions.htm		http://sf.cityvoter.com/best/acupuncture/beauty-and-wellness/bay-area		http://www.caryngoldman.com/pages/aboutcaryn.htm	Fertility, Allergies, Respiratory Infections, Women's Health, Stress and Anxiety	Personal Bio	53	27	
Chinese Medicine Infertility Center	http://www.fertilitychinesemedicine.com/	1315 16th Avenue, San Francisco, CA 94122	https://www.yelp.com/biz/lee-jia-ming-phd-san-francisco	415-759-8855	Jiaming Lee	L.Ac., Ph.D. 		Fertility						http://www.fertilitychinesemedicine.com/physicians.htm	Women’s health	Personal Bio	54	28	
Chinese Medicine Works	http://chinesemedicineworks.com/	1201 Noe St, San Francisco, CA 94114	https://www.yelp.com/biz/chinese-medicine-works-san-francisco	415.285.0931	Harriet Beinfield	L.Ac.						https://www.yelp.com/search?find_desc=Acupuncture&find_loc=San+Francisco,+CA		http://chinesemedicineworks.com/acupuncture-clinic/who-we-are/	General Acupuncture	General Practice	55	29	
Chinese Medicine Works	http://chinesemedicineworks.com/				Efrem Korngold	OMD, L.Ac.								http://chinesemedicineworks.com/acupuncture-clinic/who-we-are/	General Acupuncture	General Practice	56	29	
Chinese Medicine Works	http://chinesemedicineworks.com/				Janice Mao	L.A.c.								http://chinesemedicineworks.com/acupuncture-clinic/who-we-are/	Women’s health, from fertility to postpartum through to pediatric care. Digestive disorders, emotional health, acute and chronic pain, and stroke	Personal Bio	57	29	
Chinese Medicine Works	http://chinesemedicineworks.com/				Dale Fanning	M.S. Dipl. O.M., L.Ac.								http://chinesemedicineworks.com/acupuncture-clinic/who-we-are/	Musculoskeletal pain and injury	Personal Bio	58	29	
Cicuto Acupuncture	https://www.cicutoacupuncture.com/	1700 Union St, San Francisco, CA 94123  1134 Ballena Blvd Suite 15, Alameda, CA 94501	https://www.yelp.com/biz/cicuto-acupuncture-san-francisco	415.404.6109  415.404.6109	Denise Cicuto	L.Ac., DIPL. OM.						https://www.yelp.com/search?find_desc=Acupuncture&find_loc=San+Francisco,+CA		https://www.cicutoacupuncture.com/about	Women’s health and fertility	Personal Bio	59	30	
Circle Community Acupuncture	https://www.circleca.com/	1351 Harrison St. San Francisco, CA 94103	https://www.yelp.com/biz/circle-community-acupuncture-san-francisco	(415) 864-1070	Claudia Lehan	L.Ac.						http://sanfrancisco.cbslocal.com/top-lists/best-places-for-acupuncture-in-the-bay-area/  https://www.yelp.com/search?find_desc=Acupuncture&find_loc=San+Francisco,+CA		https://www.circleca.com/contact/	General Acupuncture	General Practice	60	31	
Circle Community Acupuncture	https://www.circleca.com/				David Lesseps	L.Ac.								https://www.circleca.com/contact/	General Acupuncture	General Practice	61	31	
Circle Community Acupuncture	https://www.circleca.com/				Melissa Craven	L.Ac.								https://www.circleca.com/contact/	General Acupuncture	General Practice	62	31	
Circle Community Acupuncture	https://www.circleca.com/				Pamela Gilmour	L.Ac.								https://www.circleca.com/contact/	General Acupuncture	General Practice	63	31	
Circle Community Acupuncture	https://www.circleca.com/				Daniels Lee	L.Ac. CMT								https://www.circleca.com/contact/	General Acupuncture	General Practice	64	31	
City Pulse Acupuncture	http://citypulseacupuncture.com/	513 Valencia St, Mission San Francisco, CA	https://www.yelp.com/biz/city-pulse-acupuncture-oakland	(415) 518-3503	Rachel Hemphill	DACM, L.Ac., Dipl. O.M., FABORM
 Ursula Anderson, CMT		Fertility				http://sf.cityvoter.com/best/acupuncture/beauty-and-wellness/bay-area		http://citypulseacupuncture.com/about/meet-rachel/	Woman's health, fertility, internal medicine, neurology, pain management, gynecology, gastrointestinal disorders, and oncology	Personal Bio	65	32	
Clear Pathways	http://clearpathwayshealth.com/	638 Stanyan St, San Francisco, CA 94117	https://www.yelp.com/biz/clear-pathways-acupuncture-and-wellness-san-francisco	415-971-7166	Lynn Belcher	L.Ac., MSTCM						https://www.yelp.com/search?find_desc=Acupuncture&find_loc=San+Francisco,+CA		http://citypulseacupuncture.com/about/meet-ursula/	Woman's health and fertility	Personal Bio	66	33	
Community Acupuncture Works	https://www.caworks.org/	2889 A 24th St, San Francisco, CA 94110, USA	https://www.yelp.com/biz/community-acupuncture-works-san-francisco-3	4158610104	Claudia Lehan	L.Ac.		community acupuncture, affordable acupuncture				https://www.expertise.com/ca/san-francisco/acupuncture  https://www.yelp.com/search?find_desc=Acupuncture&find_loc=San+Francisco,+CA	maybe leave off?	https://www.caworks.org/meet-the-team	General Acupuncture	General Practice	67	34	
Community Acupuncture Works	https://www.caworks.org/				Jenn Holley	L.Ac.								https://www.caworks.org/meet-the-team	General Acupuncture	General Practice	68	34	
Compass Rose Acupuncture	http://compassrosesf.com/	490 Post St Suite 450, San Francisco, CA 94102	https://www.yelp.com/biz/compass-rose-acupuncture-san-francisco	415-494-7722	Jeani Fink	L.Ac., MSTCM						https://www.expertise.com/ca/san-francisco/acupuncture		http://compassrosesf.com/what-we-do/	Pain And Orthopedics, Stress and Anxiety, Women's Health, Immunity and Allergies, Digestion, Preventative Health	Personal Bio	69	35	
Conscious Chiropractic & Acupuncture	http://www.consciouschiro.com/	220 Montgomery St #305, San Francisco, CA 94104	https://www.yelp.com/biz/conscious-chiropractic-and-acupuncture-san-francisco-2	415.677.9900	Traci Kanzawa	L.Ac.						https://www.expertise.com/ca/san-francisco/acupuncture		http://www.consciouschiro.com/staff/traci-kanzawa-l-ac/	Pain management and Digestive disorder	Personal Bio	70	36	
Dan Tian Wellness & Natural Medicine	http://www.dantianwellness.com/	638 Stanyan St., ​San Francisco, CA 94117	https://www.yelp.com/biz/dan-tian-wellness-and-natural-medicine-san-francisco	415-668-1880	Edith Ubuntu Chan	DAOM, L.Ac. ​						https://www.yelp.com/search?find_desc=Acupuncture&find_loc=San+Francisco,+CA		http://www.dantianwellness.com/dr-edith-ubuntu-chan.html	Orthopedic conditions and Sports injuries	Personal Bio	71	37	
Daniel Ng Acupuncture	http://www.danielhealing.com/	4444 Geary Blvd., Suite 211
 San Francisco, CA 94118	https://www.yelp.com/biz/daniel-ng-phd-lac-daniel-ng-acupuncture-clinic-san-francisco	(415) 386-7169	Daniel W. Ng 	PH.D., L.Ac.						https://www.yelp.com/search?find_desc=Acupuncture&find_loc=San+Francisco,+CA		http://www.danielhealing.com/about-dr-ng.html	Allergies, Acute Pain and Chronic Pains, Digestive Tract Conditions, Female Conditions, Immune Disorder, Respiratory Conditions, Neurological Conditions, Stress and Related Symptoms, Facial Rejurenation	Personal Bio	72	38	
Body Mind Spirit Medicine	http://www.bodymindspiritmedicine.com/	728 Bryant Street @ 5th St, San Francisco, CA 94107	https://www.yelp.com/biz/debora-silverman-lac-body-mind-spirit-san-francisco	415 882 9988	Debora Silverman	L.Ac.						https://www.yelp.com/search?find_desc=Acupuncture&find_loc=San+Francisco,+CA		http://bodymindspiritmedicine.com/mobile/about.html	Skin Imbalances, Pain Management, Digestive Disorders, Emotional Well-Being, Promoting Immune Support and Wellness and Women’s and Men’s Reproductive Health.	Personal Bio	73	39	
Dennis McGrath Acupuncture	http://www.dennismcgrathacupuncture.com/	2000 Van Ness Avenue, Suite 706, San Francisco, CA, 94109	https://www.yelp.com/biz/dennis-mcgrath-acupuncture-san-francisco	(415) 567-5601	Dennie Mcgrath	L.Ac.						https://www.expertise.com/ca/san-francisco/acupuncture		http://www.dennismcgrathacupuncture.com/dennis-mcgrath/	General Acupuncture	General Practice	74	40	
Chicken Soup Chinese Medicine	http://docmisha.com/	2325 3rd Street, Suite 342
 San Francisco, CA 94107	https://www.yelp.com/biz/chicken-soup-chinese-medicine-san-francisco-2	(415) 861-1101	Misha Cohen	OMD, L.Ac.						https://www.expertise.com/ca/san-francisco/acupuncture		http://www.docmisha.com/about-misha-ruth-cohen/	PMS, infertility, hepatitis, HIV, endometriosis, HPV-related diseases and menopausal syndromes	Personal Bio	75	41	
Double Happiness Health	http://www.doublehappinesshealth.com/	1501 Mariposa St, Potrero Hill San Francisco, CA	https://www.yelp.com/biz/double-happiness-health-san-francisco	415-255-2252	Christine Friel	L.Ac., ABORM						http://sf.cityvoter.com/best/acupuncture/beauty-and-wellness/bay-area  https://www.expertise.com/ca/san-francisco/acupuncture		http://www.doublehappinesshealth.com/about/	Women’s health and Fertility and Orthopedics	Personal Bio	76	42	
Double Happiness Health	http://www.doublehappinesshealth.com/				Rachel Root	L.Ac., ABORM								http://www.doublehappinesshealth.com/about/	Fertility and Pregnancy and well as Menopause, PCOS, and other Hormonal imbalances	Personal Bio	77	42	
Driftwood Acupuncture & Wellness	https://www.driftwoodacu.com/	3727 Buchanan Street San Francisco CA 94123	https://www.yelp.com/biz/driftwood-acupuncture-and-wellness-san-francisco	415.570.1527	Anita Lang-Bakar	L.Ac.	Yes			look at list of conditions on site		http://sf.cityvoter.com/best/acupuncture/beauty-and-wellness/bay-area		https://www.driftwoodacu.com/copy-of-about	Pain management, working with Athletes, stress/anxiety and insomnia, neurological diseases (Parkinsons, Bell's Palsy, MS) as well as internal medicine.	Personal Bio	78	43	
Earth and Air Wellness	http://earthandairwellness.com/	140 Gregory Lane, Pleasant Hill, CA	https://www.yelp.com/biz/earth-and-air-wellness-pleasant-hill-5	(925) 280-6026	Laura Metzdorff	L.Ac.						http://sf.cityvoter.com/best/acupuncture/beauty-and-wellness/bay-area		http://earthandairwellness.com/about.html	General Acupuncture	General Practice	79	44	
Earth and Air Wellness	http://earthandairwellness.com/				Maria Yung	L.Ac.								http://earthandairwellness.com/about.html	Women's health including the treatment of hormonal imbalances, menstrual problems, fertility, and gynecological cancers.	Personal Bio	80	44	
East Bay Acupuncture & Natural Medicine	https://www.ebacupuncture.com/	2346 Stuart Street
 Berkeley, CA 94705	https://www.yelp.com/biz/east-bay-acupuncture-and-natural-medicine-berkeley	(510) 457-8886	Sean Michael Hall	L.Ac.								https://www.ebacupuncture.com/sean-michael-hall-licensed-acupuncturist/	Fertility & Reproductive Medicine and Orthopedics & Pain Management	Personal Bio	81	45	
East Bay Acupuncture & Natural Medicine	https://www.ebacupuncture.com/				Gabriela Pierre	L.Ac.								https://www.ebacupuncture.com/gabriela-pierre-licensed-acupuncturist/	Neuropathic and Musculoskeletal Pain Conditions, Stress and Anxiety Disorders and Women’s Reproductive Health and Fertility	Personal Bio	82	45	
East Bay Acupuncture & Natural Medicine	https://www.ebacupuncture.com/				Nadia Moredo	L.Ac.								https://www.ebacupuncture.com/nadia-moredo-licensed-acupuncturist/	Women’s health and Fertility	Personal Bio	83	45	
East-West Integrative Medicine Clinic (Bernal Heights)	https://eastwestsf.com/	406 Cortland Ave San Francisco, CA 94110	https://www.yelp.com/biz/east-west-bernal-san-francisco-2	(415) 585-1990	Antonella Soldaini	L.Ac.		Fertility, Pregnancy, Post-partum, Pediatrics, Orthopedics / Pain Management				https://www.yelp.com/search?find_desc=Acupuncture&find_loc=San+Francisco,+CA		https://eastwestsf.com/practitioners-bios/#soldaini	Insomnia, fatigue, depression, anxiety and cravings, Women’s health such as PMS, menopause and infertility and injuries and pain management.	Personal Bio	84	46	
East-West Integrative Medicine Clinic (Bernal Heights)	https://eastwestsf.com/				Patricia Watters	L.Ac, CMT								https://eastwestsf.com/practitioners-bios/#watters	General Acupuncture	General Practice	85	46	
East-West Integrative Medicine Clinic (Downtown)	https://eastwestsf.com/	582 Market St, Suite 314 San Francisco, Ca 94104		(415) 585-1990	Marnie McCurdy	L.Ac., MS, CMT, FABORM		Fertility, Pregnancy, Post-partum, Pediatrics, Orthopedics / Pain Management				https://www.yelp.com/search?find_desc=Acupuncture&find_loc=San+Francisco,+CA		https://eastwestsf.com/practitioners-bios/	Gynecology, infertility, prenatal and postnatal care, chronic pain management and digestive health	Personal Bio	86	126	
East-West Integrative Medicine Clinic (Downtown)	https://eastwestsf.com/				Stephanie Haney	L.Ac., CMT 								https://eastwestsf.com/practitioners-bios/#haney	Pain and sports injuries, supports reproductive and hormonal health, and emotional well being	Personal Bio	87	126	
East-West Integrative Medicine Clinic (Glen Park)	https://eastwestsf.com/	605 Chenery Street, Suites B + C San Francisco, CA 94131	https://www.yelp.com/biz/east-west-integrative-medicine-clinic-san-francisco-3	(415) 585-1990	Marnie McCurdy	L.Ac., MS, CMT, FABORM		Fertility, Pregnancy, Post-partum, Pediatrics, Orthopedics / Pain Management				https://www.yelp.com/search?find_desc=Acupuncture&find_loc=San+Francisco,+CA		https://eastwestsf.com/practitioners-bios/	Gynecology, infertility, prenatal and postnatal care, chronic pain management and digestive health	Personal Bio	88	47	
East-West Integrative Medicine Clinic (Glen Park)	https://eastwestsf.com/				Courtney Moore	L.Ac., CMT								https://eastwestsf.com/practitioners-bios/#moore	Injuries, hormonal imbalances, digestive disorders, and chronic pain	Personal Bio	89	47	
East-West Integrative Medicine Clinic (Glen Park)	https://eastwestsf.com/				Jennifer Ross	MS, L.Ac., CMT								https://eastwestsf.com/practitioners-bios/#ross	Orthopedics and pain management, and is also experienced in women’s health, digestion, allergies, and respiratory ailments, including quick resolution of colds and flus.	Personal Bio	90	47	
East-West Integrative Medicine Clinic (Glen Park)	https://eastwestsf.com/				Jayne Chen	L.Ac, CMT								https://eastwestsf.com/practitioners-bios/#chen	Physical medicine, acute injuries, and chronic pain management	Personal Bio	91	47	
East-West Integrative Medicine Clinic (Glen Park)	https://eastwestsf.com/				Stephanie Haney	L.Ac., CMT								https://eastwestsf.com/practitioners-bios/#haney	Pain and sports injuries, supports reproductive and hormonal health, and emotional well being	Personal Bio	92	47	
East-West Integrative Medicine Clinic (Glen Park)	https://eastwestsf.com/				Daisy Knudtson	L.Ac.								https://eastwestsf.com/practitioners-bios/#Knudtson	Conditions from colds, allergies and asthma, to digestive disorders and behavior, women's health, fertility and internal medicine.	Personal Bio	93	47	
East-West Integrative Medicine Clinic (Glen Park)	https://eastwestsf.com/				Adam Okerblom	L.Ac., CMT								https://eastwestsf.com/practitioners-bios/#okerblom	Pain management, internal medicine, and psycho-emotional health	Personal Bio	94	47	
East-West Integrative Medicine Clinic (Glen Park)	https://eastwestsf.com/				Shannon Piercy	CMT, L.Ac.								https://eastwestsf.com/practitioners-bios/#piercy	Women’s health, psycho-emotional issues, pain management, and chronic illness	Personal Bio	95	47	
East-West Integrative Medicine Clinic (Glen Park)	https://eastwestsf.com/				Antonella Soldaini	L.Ac.								https://eastwestsf.com/practitioners-bios/#soldaini	Insomnia, fatigue, depression, anxiety and cravings, Women’s health such as PMS, menopause and infertility and injuries and pain management.	Personal Bio	96	47	
East-West Integrative Medicine Clinic (Glen Park)	https://eastwestsf.com/				Tatyana Ryevzina	L.Ac, CMT								https://eastwestsf.com/practitioners-bios/#watters	General Acupuncture	General Practice	97	47	
Elliott Acupuncture 	www.elliottacupuncture.com	1257 West St. 
 Redding, CA 96001	https://www.yelp.com/biz/elliott-acupuncture-redding	(530)243-5230	John Elliott	MS, L.Ac.								http://www.elliottacupuncture.com/aboutus.html	Back pain, neck pain and shoulder, headaches, allergies, digestive problems, and infertility.	Personal Bio	98	48	
Elliott Acupuncture 	www.elliottacupuncture.com				Cameryn Elliott	MS, L.Ac.								http://www.elliottacupuncture.com/aboutus.html	Pediatric conditions, Menopause, cosmetic treatments, fatigue, sleep problems, fertility	Personal Bio	99	48	
Embrace Health	http://www.embracehealth.org/	2400 Greenwich Street, Cow Hollow San Francisco, CA	https://www.yelp.com/biz/embrace-health-san-francisco	(415) 440-4494	Kristi Oshiro	L.Ac., M.S.	Yes	General Acupuncture.   pain, stress, fatigue, anxiety, insomnia, and sports injuries		http://www.embracehealth.org/	Yes	http://sf.cityvoter.com/best/acupuncture/beauty-and-wellness/bay-area		http://www.embracehealth.org/team/	Pain as well as gynecological and emotional imbalances	Personal Bio	100	49	
Enliven Health and Wellness (San Francisco)	www.enlivenhealth.org	582 Market St, #314, San Francisco, CA 94104   	https://www.yelp.com/biz/bethany-richardson-lac-san-francisco-4	510.388.6077	Bethany Richardson	L.Ac. FABORM								http://enlivenhealth.org/about/	Fertility, Perimenopause, Stress, Menstrual Issues, Headaches	Personal Bio	101	51	DOUBLE
Enliven Health and Wellness (Oakland)	www.enlivenhealth.org	440 Grand Ave, #401, Oakland, CA 94610	https://www.yelp.com/biz/bethany-richardson-lac-oakland	(510) 388-6077	Bethany Richardson												101	50	
Eric Kerr Acupuncture	http://erickerr.wixsite.com/acupuncture	2148 Market Street, Castro San Francisco, CA	https://www.yelp.com/biz/eric-kerr-acupuncture-san-francisco	(415) 637-2183	Eric Kerr	L.Ac., MSOM		  Men's Health          Acupuncture and Male Sexual Health          Acupuncture and Male Emotional Health      Stress Reduction      Insomnia      Corporate Wellness          Startup Syndrome      Acupuncture for Actors and Performers				http://sf.cityvoter.com/best/acupuncture/beauty-and-wellness/bay-area	NOT accepting new patients	http://erickerr.wixsite.com/acupuncture/about	Men's Health, Corporate Wellness, Startup Syndrome, Stress Reduction, Insomia	Personal Bio	102	52	
Evoke Wellness Center	http://www.evokewellnesswithin.com/	1020 Serpentine Lane, Suite 115, Pleasanton, CA	https://www.yelp.com/biz/evoke-wellness-center-pleasanton-2	(925) 953-8653	Christina Emrich	DAOM, L.Ac. ​	Yes	General Acupuncture				http://sf.cityvoter.com/best/acupuncture/beauty-and-wellness/bay-area		http://www.evokewellnesswithin.com/about	General Acupuncture	General Practice	103	53	
Fertile Spring Acupuncture	https://santacruzfertilityacupuncture.com/	1500 Graham Hill Road, Suite A, Santa Cruz, CA 95060	https://www.yelp.com/biz/fertile-spring-reproductive-acupuncture-santa-cruz-2	(831) 515-8571	Tara Anderson	L.Ac., FABORM								https://santacruzfertilityacupuncture.com/about/	Holistic Women's Health, Fertility & Prenatal Care	Personal Bio	104	54	
Five Pins Project	http://fivepinsproject.com/	491A Guerrero Street, Mission San Francisco, CA	https://www.yelp.com/biz/five-pins-project-san-francisco	(415) 504-2656	Lis Goldschmidt	L.Ac.		Depression+Anxiety • Stress • Insomnia • Hormonal Balance+Fertility • Digestive Issues • Transgender Health Support • Lyme Disease •   Pain of All Types •				http://sf.cityvoter.com/best/acupuncture/beauty-and-wellness/bay-area  https://www.expertise.com/ca/san-francisco/acupuncture  https://www.yelp.com/search?find_desc=Acupuncture&find_loc=San+Francisco,+CA		http://www.fivepinsproject.com/lis-goldschmidt/	Pain of all types, insomnia, digestive issues, menstrual issues, and addiction.	Personal Bio	105	55	
Five Pins Project	http://fivepinsproject.com/				Daniel Martin	MS, L.Ac., CMT 								http://www.fivepinsproject.com/daniel/	Pain, anxiety, digestive and respiratory disorders and, hormonal imbalances.	Personal Bio	106	55	
Flourish Healing Arts	https://www.flourishhealingarts.com/	29 Bolinas Road
 Fairfax, CA, 94930	https://www.yelp.com/biz/heather-moore-lac-fairfax	(510) 282 8466	Heather Moore	L.Ac. FABORM								https://www.flourishhealingarts.com/about-me/	Women's Wellness, PMS, Menopause, Stress Conception and Fertility, Pregnance and Labor Induction.	Personal Bio	107	56	
Golden Point Acupuncture	https://www.goldenpointacupuncture.com/	2146 B. Sutter Street, San Francisco, CA, 94115	https://www.yelp.com/biz/golden-point-acupuncture-san-francisco	415-730-2454	Rebecca Fettig	L.Ac., DIPL. OM.						https://www.expertise.com/ca/san-francisco/acupuncture  https://www.yelp.com/search?find_desc=Acupuncture&find_loc=San+Francisco,+CA		https://www.goldenpointacupuncture.com/about/	Autoimmune conditions, Pain and Injury Relief	Personal Bio	108	57	
Heaven Qi & Earth	http://hq-e.com/	2906 Lyon Street
 San Francisco, CA 94123	https://www.yelp.com/biz/heaven-qi-and-earth-san-francisco	(415) 440-5070	Elizabeth Stephens	L.Ac., M.S.						https://www.expertise.com/ca/san-francisco/acupuncture		http://hq-e.com/your-practitioners/#elizabeth-mcdowell	Gastro-Intestinal Disease, Cardiology, Gynecology, Oncology	Personal Bio	109	58	
House of Qi	http://www.houseofqi.com/	10 Eugenia Avenue
 San Francisco, CA 94110	https://www.yelp.com/biz/house-of-qi-san-francisco	415.626.6189	Joseph Chang	MS・L.Ac., Qi Gong Therapist						https://www.yelp.com/search?find_desc=Acupuncture&find_loc=San+Francisco,+CA		http://www.houseofqi.com/acupuncturists/	General Acupuncture	General Practice	110	59	
House of Qi	http://www.houseofqi.com/				Kate Maxey	MS・L.Ac., Qi Gong Therapist								http://www.houseofqi.com/acupuncturists/	General Acupuncture	General Practice	111	59	
Integral Body	http://integralbody.com/	3150 18th st. suite 445
 San Francisco, CA 94110	https://www.yelp.com/biz/integral-body-san-francisco-4	415-550-8444  415-531-8555	Guilietta Octavio	L.Ac.		Fertility						http://integralbody.com/about-us/giulietta-octavio/	Women’s Health, especially Fertility, Prenatal and Postpartum concerns	Personal Bio	112	60	
Japan Town Acupuncture & Oriental Medicine	http://www.japantown-acupuncture.com/english/index.html	1581 Webster St, San Francisco, CA 94115	https://www.yelp.com/biz/japan-town-acupuncture-and-oriental-medicine-san-francisco	415-922-2100	Yuko Gower	L.Ac.						https://www.yelp.com/search?find_desc=Acupuncture&find_loc=San+Francisco,+CA		http://www.japantown-acupuncture.com/english/index.html	Lower back pain, stiff neck, stomachache, menopausal disorders, constipation, diarrhea, loss of appetite, stomach disorders, muscle pain, neuralgia 	Personal Bio	113	61	
Jennifer Carino Acupuncture	http://jennifercarino.com/	946 Leavenworth St, Nob Hill San Francisco, CA	https://www.yelp.com/biz/jennifer-carino-lac-san-francisco-2	(415) 377-8655	Jennifer Carino	L.Ac., M.C.S.T.M.	Yes	Abdominal/Weight Loss Acupuncture, Fertility		https://www.jennifercarino.com/specialties/		http://sf.cityvoter.com/best/acupuncture/beauty-and-wellness/bay-area		https://www.jennifercarino.com/about-jennifer/	Menopause, Gastrointestinal Disorders, Inflammatory Skin Conditions, Weight Loss, Stress and Pain Management, Immune Disorders, Cosmetic Acupuncture and Fertility and Pregnancy	Personal Bio	114	62	
Jenny Johnston Acupuncture	www.jennyjohnstonlac.com	320 River Street, Santa Cruz, CA 95060	https://www.yelp.com/biz/jenny-johnston-l-ac-dipl-om-santa-cruz	831-535-3785	Jenny Johnston	L.Ac. Dipl.O.M, FABORM								http://jennyjohnstonlac.com/about/	Fertility, Pregnancy and Postpartum Care, Women's Health, Pain Management	Personal Bio	115	63	
Johanna Utter Acupuncture	www.johannautteracupuncture.com	622 E. 8th Street
 Davis, CA 95616	https://www.yelp.com/biz/johanna-utter-l-ac-davis	(530) 757-2064	Johanna Utter	L.Ac., FABORM								https://johannautteracupuncture.com/page/about-johanna/	Women's health, fertility	Personal Bio	116	64	
Johnson You Acupuncture	http://www.johnsonyouacupuncture.com/	245 Clement St.
 San Francisco, CA 94118	https://www.yelp.com/biz/johnson-you-lac-san-francisco-2	415-387-9738	Johnson You	L.Ac., Ph.D.						https://www.yelp.com/search?find_desc=Acupuncture&find_loc=San+Francisco,+CA		http://www.johnsonyouacupuncture.com/	Acute and chronic pain as well as other internal disorders including circulatory, psycho-emotional, respiratory, digestive, gynecological and skin conditions.	Personal Bio	118	66	
Kristen Sparrow Acupuncture	http://www.ksparrowmd.com/	2000 Van Ness, Ste 310
 San Francisco, CA 94109	https://www.yelp.com/biz/kristen-sparrow-md-san-francisco-3	415-775-0117	Kristen Sparrow	MD						https://www.yelp.com/search?find_desc=Acupuncture&find_loc=San+Francisco,+CA		http://www.ksparrowmd.com/about/	Allergies, Anxiety, Stress, Pain, Bowel Diseases, 	Personal Bio	120	68	
LAC Health Center	http://www.lachealthcenter.com/	98 Battery Street, Financial District San Francisco, CA	https://www.yelp.com/biz/lac-health-center-san-francisco	(415) 994-1569	Nancy Li	L.Ac.						http://sf.cityvoter.com/best/acupuncture/beauty-and-wellness/bay-area  https://www.yelp.com/search?find_desc=Acupuncture&find_loc=San+Francisco,+CA		http://www.lachealthcenter.com/	Cervicogenic headaches, dizziness, insomnia, symptomatic facial neuralgia, breathing difficulties, neck and shoulder pain, numbness in the chest, back and extremities, arthritis, blurred vision, allergies, constipation, depression, smoking cessation, weight loss, infertility dysfunctions and problematic gastrointestinal difficulties	Personal Bio	121	69	
Larson Acupuncture	http://larsonacupuncture.com/	3727 Buchanan St #204
 San Francisco, CA 94123	https://www.yelp.com/biz/larson-acupuncture-san-francisco	(415) 658-5871	Bria Larson	MS, L.Ac.		women’s health conditions, including fertility and perinatal care, dermatology, chronic and acute pain, and stress	menstrual pain, hormonal imbalances, fertility challenges, pregnancy and postpartum, digestive disorders, pelvic and lower back pain, symptoms related to stress and anxiety, and more.					http://larsonacupuncture.com/bio/	Women’s health, fertility, pregnancy	Personal Bio	122	70	
Lion's Heart Wellness	http://www.lionsheartwellness.com/	3150 18th St, Suite 202, Mission San Francisco, CA	https://www.yelp.com/biz/lions-heart-san-rafael-2	415-366-6708	Kim Peirano	MSOM, L.Ac.		cosmetic acupuncture, aging, wrinkles				http://sf.cityvoter.com/best/acupuncture/beauty-and-wellness/bay-area		http://www.lionsheartwellness.com/about-kim-peirano.html	Cosmetic, pain management, stress management, women's health & fertility, and neurology & paralysis treatment. 	Personal Bio	123	71	
Lokahi Acupuncture	http://lokahiacupuncture.com/	259 Meridian Ave, Santa Clara County San Jose, CA	https://www.yelp.com/biz/lokahi-acupuncture-san-jose	(408) 279-9001	Anna Rudel	L.Ac.		Fertility, Pain, Women's Health, Stress, Digestion		http://lokahiacupuncture.com/acupuncture-for-womens-health/  look at conditions list	YES  Cigna, Valley Health Plan	http://sf.cityvoter.com/best/acupuncture/beauty-and-wellness/bay-area		http://lokahiacupuncture.com/care/anna-m-rudel/	Fertility,IVF, IUI, Frozen Embryo Transfer,Pregnancy and Pre-birth, Polycystic Ovarian, Syndrome (PCOS), Luteal Phase Defect, Fibroids, Miscarriage and recurrant miscarriage, Menstrual disorders - pain, migraine, irregularity, Menopausal syndrome	Personal Bio	124	72	
Lokahi Acupuncture	http://lokahiacupuncture.com/				Katy Barry	L.Ac.								http://lokahiacupuncture.com/care/katy-k-barry/	Women’s health and fertility, Men’s fertility, Pregnancy, labour and induction, Muscle pain/strains from sports injuries or accidents, Emotional balancing	Personal Bio	125	72	
Lokahi Acupuncture	http://lokahiacupuncture.com/				Angel King	L.Ac.								http://lokahiacupuncture.com/care/angel-king/	Acute and chronic pain, Strains, sprains, and other injuries, Headaches, Arthritis and Joint pain, Neck, upper back and lower back pain, Sciatica and nerve pain	Personal Bio	126	72	
Lokahi Acupuncture	http://lokahiacupuncture.com/				Cathryn Davidson	L.Ac.								http://lokahiacupuncture.com/care/cathryn-davidson/	Women’s Health, Reproductive Health, Fertility, Pregnancy, Hormone Balancing, Herbal Medicine - both Eastern and Western	Personal Bio	127	72	
Lokahi Acupuncture	http://lokahiacupuncture.com/				Jax Chou	L.Ac.								http://lokahiacupuncture.com/care/jax-chou-lac/	pain syndromes both acute and chronic, sports injuries	Personal Bio	128	72	
Lokahi Acupuncture	http://lokahiacupuncture.com/				Ann Marie Deas	L.Ac.								http://lokahiacupuncture.com/care/ann-marie-deas/	Hormonal imbalances, peri-menopause, menopause, weight gain, and Adrenal Fatigue	Personal Bio	129	72	
Lydia Akhzar Acupuncture	http://www.sfherbalmedicine.com/index.html	220 Sansome St. Suite 990 San Francisco, CA 94104	https://www.yelp.com/biz/lydia-akhzar-lac-san-francisco	415.299.1426	Lydia Akhzar	L.Ac., MSTCM		Women's Health, Fertility and Stress Management						http://www.sfherbalmedicine.com/BIO.html	Men’s and women’s health, fertility, stress/anxiety, digestive disorders and pain management.
 	Personal Bio	130	73	
Malia King Acupuncture	http://mkingacupuncture.com/	500 Sutter St, Suite 908
 San Francisco, CA 94108	https://www.yelp.com/biz/malia-king-acupuncture-san-francisco-2	(415) 305-8584	Malia King	M.S., L.Ac						https://www.expertise.com/ca/san-francisco/acupuncture		http://www.mkingacupuncture.com/about.aspx	Musculoskeletal Disorders, Mental and Emotional Imbalances, Respiratory Issues Digestive Issues, Neurological Issues, Reproductive Health	Personal Bio	131	75	
Mama Lounge	www.mamaloungesf.com	2001 Pine Street, San Francisco, CA 94115	https://www.yelp.com/biz/mama-lounge-sf-san-francisco	415-857-3228	Heather Moore	M.S., L.Ac. FABORM								https://mamaloungesf.com/heather-moore/	Fertility and women’s health	Personal Bio	132	76	
Mama Lounge	www.mamaloungesf.com				Melani Eichenbaum	M.S., L.Ac.								https://mamaloungesf.com/melani-eichenbaum/	Autoimmune and sleep disorders to post-concussional trauma, PTSD, and depression, dysmenorrhea, amenorrhea, polycystic ovarian syndrome (PCOS), miscarriages, infertility.	Personal Bio	133	76	
Mama Lounge	www.mamaloungesf.com				Rachel Schaefer	M.S., L.Ac, FABORM								https://mamaloungesf.com/rachel-schaefer/	Endocrinology, Women’s Health and Fertility	Personal Bio	134	76	
Mama Lounge	www.mamaloungesf.com				Amy Gordon	M.S., L.Ac. FABORM								https://mamaloungesf.com/amy-gordon/	Women’s health specialists in the fields of fertility and gynecology	Personal Bio	135	76	
Many Lives Chinese Medicine	manylivescm.com	499 Seaport Court, Suite 101, Redwood City, CA	https://www.yelp.com/biz/many-lives-chinese-medicine-redwood-city	650-366-4299	Beth Schiffman	L.Ac., FABORM						http://sf.cityvoter.com/best/acupuncture/beauty-and-wellness/bay-area  http://sanfrancisco.cbslocal.com/top-lists/best-places-for-acupuncture-in-the-bay-area/		https://manylivescm.com/beth-schiffman-lac/	Herbal Medicine, Nutrition, Fertility, Internal Medicine, Pain Management Cosmetic	Personal Bio	136	77	
Many Lives Chinese Medicine	manylivescm.com				Jill Zundelevich	M.S., L.Ac.								https://manylivescm.com/jill-zundelovich-m-s-l-ac/	Herbal Medicine, Fertility, Orthopedics, Internal Medicine, Pain Management, Nutrition	Personal Bio	137	77	
Many Lives Chinese Medicine	manylivescm.com				Alicia Masiulis	M.S., L.Ac., LMP								https://manylivescm.com/alicia-masilius-m-s-l-ac/	Acupuncture, Herbal Medicine, Fertility, Pregnancy and Postpartum Support, Pain and Sports Injuries, Autoimmune Disorders, Optimal Wellness	Personal Bio	138	77	
Many Lives Chinese Medicine	manylivescm.com				Christine Chang	ND., L.Ac.								https://manylivescm.com/christine-chang-nd-lac/	Herbal Medicine, Women’s Health / Fertility / Menopause, Pregnancy and Postpartum, Support, Mood Imbalances / Insomnia, Digestive Disorders, Musculoskeletal Pain	Personal Bio	139	77	
Many Lives Chinese Medicine	manylivescm.com				Sai Jurawanichkul	MS, L.Ac.								https://manylivescm.com/sai-jurawanichkul-ms-l-ac/	Nutrition and lifestyle counseling, Women’s Health, Optimal Wellness, Emotional Wellbeing, Stress Management, Pain Management	Personal Bio	140	77	
Many Lives Chinese Medicine	manylivescm.com				Jing Chen	L.Ac., DAOM, FABORM								https://manylivescm.com/jing-chen-l-ac-daom/	Nutrition and lifestyle counseling Fertility, Women’s Health, Internal Medicine
 Pediatrics, Pain Management, Cosmetic Acupuncture	Personal Bio	141	77	
Marin Family Acupuncture	www.marinfamilyacupuncture.com	908 E St, San Rafael, CA 94901	https://www.yelp.com/biz/marin-family-acupuncture-san-rafael	415-608-5890 
 415-307-4747	Lynette Hirabayashi	MS., L.Ac.								http://www.marinfamilyacupuncture.com/about-us/	Fertility and Women's Health, Sports Medicine, Pain Relief	Personal Bio	142	78	
Marin Family Acupuncture	www.marinfamilyacupuncture.com				Kenji Hirabayashi	L.Ac.								http://www.marinfamilyacupuncture.com/about-us/	Fertility and Women's Health, Sports Medicine, Pain Relief	Personal Bio	143	78	
Marinwood Community Acupuncture	www.marinwoodcommunityacupuncture.com	7 Mt. Lassen Drive Suite B136 San Rafael, CA 94903	https://www.yelp.com/biz/marinwood-community-acupuncture-san-rafael	415.518.6191	Ryan Dempsey	L.Ac.								http://www.marinwoodcommunityacupuncture.com/sample-page/	Sports Medicine, Women's Health, Pain Relief	Personal Bio	144	79	
Maureen Rozenn Acupuncture	http://acupuncturesantacruz.net/	845 Cedar Street 
 Santa Cruz, CA 95060	https://www.yelp.com/biz/maureen-rozenn-lac-daom-faborm-santa-cruz	(831) 426-1093
 	Maureen Rozenn	L.Ac., DAOM, FABORM.								http://acupuncturesantacruz.net/about/	Pain Relief, Women's Health, Fertility	Personal Bio	145	80	
Michelle Graves Acupuncture	www.michelle-graves.com	30 Hotaling Place, Lower Level
 San Francisco, CA 94111	https://www.yelp.com/biz/michelle-graves-ms-l-ac-faborm-san-francisco	415.677.4447	Michelle Graves	L.Ac.								http://www.michelle-graves.com/about/	Gynecology, Oncology, Pain Management & Mental Health.	Personal Bio	147	82	
Middle Path Acupuncture	http://www.middlepathacupuncture.com/	115 Sansome St, Financial District San Francisco, CA	https://www.yelp.com/biz/adam-wiscomb-cmt-lac-daom-san-francisco?hrid=KJE-jK4StCVVMX1nvsbDtw	415.225.4880	Adam Wiscomb	L.Ac., DAOM						http://sf.cityvoter.com/best/acupuncture/beauty-and-wellness/bay-area		http://middlepathacupuncture.com/bio/	General Acupuncture	General Practice	148	83	
Mitchell Family Acupuncture	https://www.mitchellfamilyacupuncture.com/	1738 Solano Ave, Berkeley, CA 94707	https://www.yelp.com/biz/mitchell-family-acupuncture-berkeley	510-558-0117	Amy Sierra Bolton Taylor Mitchell	M.S., L.Ac.		fertility, pregnancy, postpartum and wellness for women and men						https://www.mitchellfamilyacupuncture.com/team/	Women’s Health, Healthy Pregnancy, Postpartum Health, Fertility for women, men and the LGBTQ community	Personal Bio	149	84	
Mitchell Family Acupuncture	https://www.mitchellfamilyacupuncture.com/				Alison Winters	M.S., L.Ac.								https://www.mitchellfamilyacupuncture.com/team/	Fertility, Pregnancy, Women's Health, Digestive and Auto Immune Disorders, Orthopedics and Pain Management, Psycho-emotional Health	Personal Bio	150	84	
Mitchell Family Acupuncture	https://www.mitchellfamilyacupuncture.com/				Marya Vohryzek	MTCM, L.Ac.								https://www.mitchellfamilyacupuncture.com/team/	Psycho-emotional health, Chemotherapy side effects, Women’s health, Digestive disorders, Pain management	Personal Bio	151	84	
Mitchell Family Acupuncture	https://www.mitchellfamilyacupuncture.com/				Jean Lusson	M.S., L.Ac.								http://www.jeanlussonacupuncture.com/	Pain management, Women's health, Menopause,  Migraines, Anxiety,  and Dermatology	Personal Bio	152	84	
Mitchell Family Acupuncture	https://www.mitchellfamilyacupuncture.com/				Daniel Paige	M.S., L.Ac.								https://www.mitchellfamilyacupuncture.com/team/	General Acupuncture	General Practice	153	84	
Moss Acupuncture	http://www.mossacupuncture.com/	415 Spruce St., Laurel Heights San Francisco, CA	https://www.yelp.com/biz/moss-acupuncture-san-francisco	(415) 244-4412	Jennifer Moss	M.S., L.Ac., Dipl. Ac., C.H. 						http://sf.cityvoter.com/best/acupuncture/beauty-and-wellness/bay-area		http://www.mossacupuncture.com/Jennifer-Moss-Acupuncture-San-Francisco.html	Fertility and conception, pregnancy-related issues, pain and injuries, fatigue, stress and anxiety, menstrual irregularities, PMS, and digestive disorders.	Personal Bio	154	86	
Moss Acupuncture	http://www.mossacupuncture.com/				Mia Weinberg	M.S., L.Ac., Dipl. Ac., C.H. 								http://www.mossacupuncture.com/Mia-Weinberg-Acupuncture-San-Francisco.html	Women's health, stress, pain, digestive disorders, skin conditions, adolescent development, and pediatrics,	Personal Bio	155	86	
Needles and Tea	http://needlesandtea.com/	340 Brannan St
 San Francisco, CA 94107	https://www.yelp.com/biz/tina-chin-kaplan-lac-cmt-san-francisco	415-640-2341	Tina Chin-Kaplan	L.Ac.						https://www.yelp.com/search?find_desc=Acupuncture&find_loc=San+Francisco,+CA		http://needlesandtea.com/about/	Pediatrics, Pain Management, Women’s health	Personal Bio	156	87	
Needles and Tea	http://needlesandtea.com/				Naya Colkett	L.Ac.								http://needlesandtea.com/about/	Digestive and Endocrine Dsorders,Fertility and Mother-baby care.	Personal Bio	157	87	
Neil & Alana	http://www.acupun.com/	1011 Center St. Santa Cruz, CA, 95060  15251 National Ave., Suite 106
 Los Gatos, CA, 95032	https://www.yelp.com/biz/neil-s-bernardi-wright-l-ac-faborm-los-gatos	(831) 325 9691  (408) 402-1849	Alana Ramey-Bernardi	L.Ac.		Neil: Infertility, Musculoskeletal Pain, Headaches Alana: Infertility, Pediatrics						http://www.acupun.com/About_Alana___Neil.html	Pain management, Autoimmune Disease, Allergies, Stress Management, Anxiety, Sleep Disorders, Male and Female Infertility issues	Personal Bio	158	#N/A	
Neil & Alana	http://www.acupun.com/				Neil Bernardi-Wright	L.Ac., FABORM								http://www.acupun.com/About_Alana___Neil.html	Pain management, Autoimmune Disease, Allergies, Stress Management, Anxiety, Sleep Disorders, Male and Female Infertility issues	Personal Bio	159	#N/A	
Nest Acupuncture	http://www.nestacupuncture.com/	1990 Lombard Street Suite 100
 San Francisco, CA 94123  712 D Street Suite K
 San Rafael, CA 94901  1128 Lincoln Avenue
 Alameda, CA 94501	https://www.yelp.com/biz/nest-acupuncture-san-francisco-2 	415-673-6378  415-497-1684  415-673-6378	Sara Stieg	M.S., L.Ac.		Fertility, Pregnancy, Women's Health				https://www.yelp.com/search?find_desc=Acupuncture&find_loc=San+Francisco,+CA		http://www.nestacupuncture.com/our-people/	Women’s health, Fertility and Pregnancy support	Personal Bio	160	#N/A	
Nest Acupuncture	http://www.nestacupuncture.com/				Tiffinie McEntire	L.Ac., MS TCM, CMT								http://www.nestacupuncture.com/our-people/	Fertility, Women’s health, Pregnancy and Postpartum support	Personal Bio	161	#N/A	
Nurture Acupuncture	http://nurtureacupuncture.com	1520 The Alameda #130
 San Jose, CA 95126  703 Clement St.
 San Francisco, CA 94118  100 Park Pl. #200
 San Ramon, CA 94583  89 Davis Rd., Suite 280
 Orinda, CA 94563		408.287.1390  415.752.5638  925.395.7823  925.395.7823	Po-Lin Shyu	L.Ac., OMD, Ph.D.								http://nurtureacupuncture.com/about-us/	Fertility and Reproductive Enhancement, Obstetrics, Gynecology, Women’s Health, Male Infertility, and Pain Management.	Personal Bio	162	#N/A	
Nurture Acupuncture	http://nurtureacupuncture.com				Judith Tognetti	L.Ac., FABORM								http://nurtureacupuncture.com/about-us/	Women’s Healthcare which includes OB-GYN, Infertility, Pregnancy and Menopause.	Personal Bio	163	#N/A	
Nurture Acupuncture	http://nurtureacupuncture.com				George Lu	L.Ac.								http://nurtureacupuncture.com/about-us/	HIV/AIDS and Gynecological Disorders, Male Reproductive Enhancement and Fertility	Personal Bio	164	#N/A	
Nurture Acupuncture	http://nurtureacupuncture.com				Emily Rones	L.Ac.								http://nurtureacupuncture.com/about-us/	Women’s health, Pain Management, Orthopedics, and Stress Management	Personal Bio	165	#N/A	
Nurture Acupuncture	http://nurtureacupuncture.com				Janet Wong	L.Ac.								http://nurtureacupuncture.com/about-us/	General Acupuncture	General Practice	166	#N/A	
Oakland Acupuncture Project	http://www.oaklandacupunctureproject.com/	3576 Laurel Avenue, Lower Hills Oakland, CA		(510) 842-6350	Jeffrey Levin	L.Ac.	Yes	Women’s Health Menstrual Irregularities, Menopause, Fertility  Digestive Health Colitis, IBS, Acid Reflux, Heartburn, Constipation  Musculoskeletal Issues  Injury, Arthritis, Chronic Pain, Back and Neck Tension  Mental Health Depression, Anxiety, Stress Management  Addiction Smoking Cessation, Withdrawal Support  Respiratory Problems Asthma, Allergies, Common Cold				http://sf.cityvoter.com/best/acupuncture/beauty-and-wellness/bay-area		http://oaklandacupunctureproject.com/about-us-2/acupuncturist-bios/	Women’s Health, Digestive Health, Musculoskeletal Issues, Mental Health, Addiction, Respiratory Problems	General Practice	167	95	
Oakland Acupuncture Project	http://www.oaklandacupunctureproject.com/				Lori Tusa	L.Ac.								http://oaklandacupunctureproject.com/about-us-2/acupuncturist-bios/	Women’s Health, Digestive Health, Musculoskeletal Issues, Mental Health, Addiction, Respiratory Problems	General Practice	168	95	
Oakland Acupuncture Project	http://www.oaklandacupunctureproject.com/				Sarah Elliott	L.Ac.								http://oaklandacupunctureproject.com/about-us-2/acupuncturist-bios/	Women’s Health, Digestive Health, Musculoskeletal Issues, Mental Health, Addiction, Respiratory Problems	General Practice	169	95	
Oakland Acupuncture Project	http://www.oaklandacupunctureproject.com/				Ray Himmelman	L.Ac.								http://oaklandacupunctureproject.com/about-us-2/acupuncturist-bios/	Women’s Health, Digestive Health, Musculoskeletal Issues, Mental Health, Addiction, Respiratory Problems	General Practice	170	95	
Oakland Acupuncture Project	http://www.oaklandacupunctureproject.com/				Jen Cowing	L.Ac.								http://oaklandacupunctureproject.com/about-us-2/acupuncturist-bios/	Women’s Health, Digestive Health, Musculoskeletal Issues, Mental Health, Addiction, Respiratory Problems	General Practice	171	95	
Oakland Acupuncture Project	http://www.oaklandacupunctureproject.com/				Evelyn Williamson	L.Ac.								http://oaklandacupunctureproject.com/about-us-2/acupuncturist-bios/	Women’s Health, Digestive Health, Musculoskeletal Issues, Mental Health, Addiction, Respiratory Problems	General Practice	172	95	
Persimmon Health Center	http://www.persimmonhealth.com/	130 Park Avenue
 Merced, CA 95348		209 676-0048	Yonie Young	L.Ac.								http://www.persimmonhealth.com/	General Acupuncture	General Practice	173	96	
Point of Life Acupuncture	https://pointoflifeacupuncture.com/	350 Sansome Street, Suite 730
 San Francisco, CA 94104		415-823-1796 	Paola Acuña	L.Ac.						https://www.yelp.com/search?find_desc=Acupuncture&find_loc=San+Francisco,+CA		https://pointoflifeacupuncture.com/about-paola/	Women’s health issues, Fertility, Digestive problems, Pain, Musculoskeletal disorders, Emotional well-being, Immune system, Adrenal issues	Personal Bio	174	97	
Points for Wellness	http://pointsforwellness.com/	4841 Soquel Dr., Soquel, CA 95073  550 Palm St., Santa Cruz, CA 95060		(831) 475-1055  (831) 475-1055	Beth Dorsey	L.Ac., FABORM								http://pointsforwellness.com/about-beth-dorsey/	Women’s health and fertility, acute and chronic pain, internal medicine, stress and anxiety, allergy elimination (NAET) and digestive issues	Personal Bio	175	#N/A	
Remedy	http://www.remedyacupuncture.com/	582 Market St., Ste. 1909 San Francisco, CA 94104		(415) 298-6862	Ashley Callen Kissinger	M.S., L.Ac.						https://www.expertise.com/ca/san-francisco/acupuncture		https://www.kissingernaturalmedicine.com/bio-1	Women’s health and fertility. 	Personal Bio	176	#N/A	
Renèe Hahn Acupuncture	http://reneehahn.com/	44 Gough Street, Suite 209, San Francisco, CA 94103		415-722-1723	Renée Hahn	L.Ac.						https://www.expertise.com/ca/san-francisco/acupuncture		http://reneehahn.com/about/	Chronic and acute pain syndromes, Concussions, Gynecological/hormone/menopausal issues
 Allergies and asthma, Digestive disorders and immune problems, Anxiety, depression, stress, insomnia, Orthopedic and muscular skeletal issues, Pre and postnatal support
 Migraines, TMJ dysfunction and headaches, Vertigo and dizziness, Acute and chronic recovery from accidents and injury, Wellness and prevention	Personal Bio	177	100	
Retreat Acupuncture (SF)	https://retreatacupuncturecenters.com/	1801 Bush Street, San Francisco, California 94109		1.415.441.7200	Karinn Gallagher	L.Ac., CMT								https://retreatacupuncturecenters.com/karinn-gallagher-3/	Fertility. Women’s Health, Pain Management, Sports Medicine, Post Surgery
 IVF, Pre+Post Transfers, Reproductive Health, Post Partum, Mental Health, Digestive Health, Abdominal Massage	Personal Bio	178	102	
Retreat Acupuncture (SF)	https://retreatacupuncturecenters.com/				Anna Severn 	L.Ac.								https://retreatacupuncturecenters.com/anna-severn-l-ac/	Irregular periods, Painful periods, Amenorrhea, Fertility challenges, Perimenopause,  PCOS, Fibroids, Endometriosis, Prenatal care, Postnatal care, Breastfeeding support	Personal Bio	179	102	
Retreat Acupuncture (SF)	https://retreatacupuncturecenters.com/				Lauren Mendez	L.Ac. NC								https://retreatacupuncturecenters.com/laurenmendez/	Gastrointestinal health (gut issues); Working with IBS, Colitis, Dysbiosis, Food Sensitivities and other Digestive complaints, Musculoskeletal pain and injuries.	Personal Bio	180	102	
Retreat Acupuncture (SF)	https://retreatacupuncturecenters.com/				Greg Zimmerman	L.Ac.								https://retreatacupuncturecenters.com/greg-zimmerman-2/	General Acupuncture	Personal Bio	181	102	
Retreat Acupuncture (SF)	https://retreatacupuncturecenters.com/				Stacy Chiang	L.Ac.								https://retreatacupuncturecenters.com/szu-ying-stacy-chiang-l-ac/	Cosmetic, Pain Management, Post-stroke Rehab	Personal Bio	182	102	
Retreat Acupuncture (Marin)	https://retreatacupuncturecenters.com/	45 San Clemente Drive, Corte Madera, CA 94925		1.415.441.7200	Corinne Grant	L.Ac.		Fertility, Pain Relief, Pregnancy Support, Women's Wellness			Yes	https://www.yelp.com/search?find_desc=Acupuncture&find_loc=San+Francisco,+CA		https://retreatacupuncturecenters.com/corinne-grant-l-ac/	Women's health, Fertility,Pain Management	Personal Bio	183	101	
Revive Acupuncture 	ReviveAcupuncture.com	43353 Mission Blvd. Suite B
 Fremont, CA 94539		510.438.0128 	Megan Dauphin	L.Ac, FABORM								http://www.reviveacupuncture.com/team/	Infertility, Sport’s medicine, and Orthopedics	Personal Bio	184	103	
Revive Acupuncture 	ReviveAcupuncture.com				Jessica Luu	L.Ac.								http://www.reviveacupuncture.com/team/	Internal medicine, Pain management, and Infertility	Personal Bio	185	103	
Revive Acupuncture 	ReviveAcupuncture.com				Cara Ortiz	L.Ac.								http://www.reviveacupuncture.com/team/	Pain management & Digestive disorders, Endocrinology and Gynecology	Personal Bio	186	103	
Revive Acupuncture 	ReviveAcupuncture.com				Kayoko Yamamoto	L.Ac.								http://www.reviveacupuncture.com/team/	Pain management, Women’s health, Fertility, Stroke, Skin diseases, Fatigue, Allergy, and Pediatric Patients	Personal Bio	187	103	
Revive Acupuncture 	ReviveAcupuncture.com				Yun Hee Hong	L.Ac.								http://www.reviveacupuncture.com/team/	Drug and Smoking addictions, Women's Health, Fertility and Pregnancy Support, Neck and Shoulder Pain, Back Pain and Sciatica, Anxiety, Insomia, Headaches and Digestive Problems.	Personal Bio	188	103	
Revive Acupuncture 	ReviveAcupuncture.com				Monica Bowditch	L.Ac.								http://www.reviveacupuncture.com/team/	Pain and Injuries	Personal Bio	189	103	
Revive Acupuncture 	ReviveAcupuncture.com				Hung Nguyen	L.Ac.								http://www.reviveacupuncture.com/team/	Pain management, Gynecology, and Functional medicine	Personal Bio	190	103	
Roha	http://rohasf.com/welcome	4052 18th St, San Francisco, CA 94114		415 805 2234	Riena Kim	L.Ac.						https://www.yelp.com/search?find_desc=Acupuncture&find_loc=San+Francisco,+CA		http://rohasf.com/riena-kim/	Stroke, Traumatic brain injuries, and other Neurological conditions. 
 	Personal Bio	191	104	
Roha	http://rohasf.com/welcome				Timothy Asher	L.Ac.								http://rohasf.com/timothy-asher/	Auto-immune disorders, Digestive health, Anxiety, Depression, Men’s health, Insomnia
 Stress relief, Musculoskeletal pain	Personal Bio	192	104	
Root & Stem	http://www.oaklandrootandstem.com/	3515 Grand Avenue, Lower Hills Oakland, CA		(510) 463-4304	Jessica Parker	L.Ac., DAOM		family medicine, women's health and fertility support, pain management, stress relief, and health coaching.		http://www.oaklandrootandstem.com/about/  look at conditions link on site		http://sf.cityvoter.com/best/acupuncture/beauty-and-wellness/bay-area		http://www.oaklandrootandstem.com/ourpractitioners/#/jessica-parker/	Women’s Health, Prenatal Health, Liver Health and Detoxification, Integrative Wellness during Chemotherapy and Radiation, and Pain Management. 	Personal Bio	193	105	
Root & Stem	http://www.oaklandrootandstem.com/				Erin Langely	L.Ac., MSOM, Dipl OM								http://www.oaklandrootandstem.com/ourpractitioners/#/erin-langley/	Autoimmune Disease, Pediatrics, Diabetes Management	Personal Bio	194	105	
Sage Wellness Center	http://sagewellnesscenter.org/	601 South B Street, San Mateo, CA		(650) 343-7899	Yvette Dellanini Ward	L.Ac., M.S.,		Fertility Acupuncture Pregnancy Acupuncture Pediatric Acupuncture		http://sagewellnesscenter.org/acupuncture/		http://sf.cityvoter.com/best/acupuncture/beauty-and-wellness/bay-area		http://sagewellnesscenter.org/about-sage/our-team/#yvette	Fertility, Pegnancy Support, Postnatal Care, Menopause and Gnecological Imbalances	Personal Bio	195	106	
Sage Wellness Center	http://sagewellnesscenter.org/				Jenny Perzichilli	L.Ac., MSTCM FABORM								http://sagewellnesscenter.org/about-sage/our-team/#jenny	Obstetrics/Gynecology and Mens Reproductive Health Care, Digestive Conditions, Musculoskeletal Disorders	Personal Bio	196	106	
San Francisco Acupuncture Group	https://sanfranciscoacupuncturegroup.com/	220 Montgomery Street, Suite 450, San Francisco, CA 94104		415 445 9388	Franco Garritano	L.Ac.						http://sf.cityvoter.com/best/acupuncture/beauty-and-wellness/bay-area  https://www.yelp.com/search?find_desc=Acupuncture&find_loc=San+Francisco,+CA		https://sanfranciscoacupuncturegroup.com/about/team/franco-garritano/	Orthopedic Conditions, Chronic Pain, Trigger Point dry needling, Stress Relief, Adrenal Fatigue and Chronic Conditions	Personal Bio	197	107	
San Francisco Acupuncture Group	https://sanfranciscoacupuncturegroup.com/				Jonah Hershowitz	L.Ac.								https://sanfranciscoacupuncturegroup.com/about/team/jonah-hershowitz/	Pain, Anxiety, Stress, Depression, Sleeplessness, Fatigue	Personal Bio	198	107	
San Francisco Acupuncture Group	https://sanfranciscoacupuncturegroup.com/				Jeannie Bianchi	L.Ac.								https://sanfranciscoacupuncturegroup.com/about/team/jeannie-bianchi/	IVF, Post-partum, Perimenopausal	Personal Bio	199	107	
San Francisco Acupuncture Group	https://sanfranciscoacupuncturegroup.com/				Mario Gallina	L.Ac.								https://sanfranciscoacupuncturegroup.com/about/team/mario-gallina/	Acute and Chronic Pain, including repetitive Stress Injuries and Sports Injuries	Personal Bio	200	107	
San Francisco Community Acupuncture	http://missionsfca.com/	220 Valencia Street 
 San Francisco, CA 94103		415-675-8973	Rebecca Rizzetta	L.Ac., CMT						https://www.expertise.com/ca/san-francisco/acupuncture  http://sanfrancisco.cbslocal.com/top-lists/best-places-for-acupuncture-in-the-bay-area/  https://www.yelp.com/search?find_desc=Acupuncture&find_loc=San+Francisco,+CA		http://missionsfca.com/about/	Pediatric, Women's Health, Gynecology	Personal Bio	201	108	
San Francisco Community Acupuncture	http://missionsfca.com/				Rebekah Sitty	L.Ac., CMT								http://missionsfca.com/about/	General Acupuncture	General Practice	202	108	
San Francisco Community Acupuncture	http://missionsfca.com/				Jennifer Taylor	L.Ac.								http://missionsfca.com/about/	Sports Injury/Orthopedics, Spinal Cord Injuries and Musculoskeletal Conditions	Personal Bio	203	108	
San Francisco Community Acupuncture	http://missionsfca.com/				Stephanie Haney	L.Ac.								http://missionsfca.com/about/	Pain and Sports Injuries, Supports Reproductive and Hormonal Health, and Emotional Well Being	Personal Bio	204	108	
San Francisco Community Acupuncture	http://missionsfca.com/				Melissa Hicks	M.S. L.Ac.								http://missionsfca.com/about/	Pain Management, Sleep Disorders, Emotional Stress and Women’s Health.	Personal Bio	205	108	
San Francisco Community Acupuncture	http://missionsfca.com/				Jenn Holley	L.Ac.								http://missionsfca.com/about/	Fertility, Women's Health	Personal Bio	206	108	
San Francisco Community Acupuncture	http://missionsfca.com/				Erica McDonnell	DACM, L.Ac.								http://missionsfca.com/about/	Fatigue, Chronic and Acute Musculoskeletal Pain, Insomnia, and Digestive Disorders.	Personal Bio	207	108	
San Francisco Community Acupuncture	http://missionsfca.com/				Eric Rosenberg	L.Ac., CMT								http://missionsfca.com/about/	Musculoskeletal Injuries and Pain Management	Personal Bio	208	108	
San Francisco Community Acupuncture	http://missionsfca.com/				Linda Wu	L.Ac, CMT								http://missionsfca.com/about/	Work-related Injuries, Stress Management	Personal Bio	209	108	
San Francisco Community Acupuncture	http://missionsfca.com/				Alexandria Steppe	L.Ac, LMT/CMT								http://missionsfca.com/about/	Stress/Tension, Fatigue, Lower Back Pain, Overuse Syndromes such as Tendinitis and Carpal Tunnel Syndrome, Sciatica, Post Surgery Recovery, Multiple Sclerosis and Rheumatoid Arthritis.	Personal Bio	210	108	
San Francisco Community Acupuncture	http://missionsfca.com/				Michelle Medina	L.Ac.								http://missionsfca.com/about/	General Acupuncture	General Practice	211	108	
San Francisco Integrative Medicine	http://www.integrativemedicinesf.com/	870 Market St. #1117
 ​San Francisco CA 94102		415.362.4600	Elanita Korian	L.Ac., M.S. 		fertility, pregnancy, pain management, and emotional health						http://www.integrativemedicinesf.com/elanita.html	Women’s Health, Fertility and Pregnancy	Personal Bio	212	109	
San Francisco Integrative Medicine	http://www.integrativemedicinesf.com/				Dawna Ara	L.Ac., M.S.								http://www.integrativemedicinesf.com/dawna.html	Women’s Health and Pain Management	Personal Bio	213	109	
San Francisco Integrative Medicine	http://www.integrativemedicinesf.com/				Laurie Terzo	DAOM, L.Ac.								http://www.integrativemedicinesf.com/laurie.html	Women’s Health & Fertility issues, including Stress/Anxiety, Depression, Headaches/Migraines, and Pain Conditions.	Personal Bio	214	109	
Sarana Community Acupuncture	http://www.saranacommunityacupuncture.com/	970 San Pablo Ave, Albany, CA		(510) 526-5056	Jennifer Scheible	L.Ac.	Yes		allergies, asthma, anxiety, arthritis, back pain, colds, cough, effects of chemotherapy, fatigue, headache, low immunity, indigestion, muscle injuries, PMS, numbness, skin problems, and stress.			http://sf.cityvoter.com/best/acupuncture/beauty-and-wellness/bay-area		http://www.saranaca.org/about/meet-us/	General Acupuncture	General Practice	215	110	
Sarana Community Acupuncture	http://www.saranacommunityacupuncture.com/				Sean Carson	L.Ac.								http://www.saranaca.org/about/meet-us/	General Acupuncture	General Practice	216	110	
Sarana Community Acupuncture	http://www.saranacommunityacupuncture.com/				Tatyana Ryevzina	L.Ac.								http://www.saranaca.org/about/meet-us/	General Acupuncture	General Practice	217	110	
Sarana Community Acupuncture	http://www.saranacommunityacupuncture.com/				Pamela O’Malley Chang	L.Ac.								http://www.saranaca.org/about/meet-us/	General Acupuncture	General Practice	218	110	
Sarana Community Acupuncture	http://www.saranacommunityacupuncture.com/				Jen Cowing	L.Ac.								http://www.saranaca.org/about/meet-us/	General Acupuncture	General Practice	219	110	
Sarana Community Acupuncture	http://www.saranacommunityacupuncture.com/				Ozben Felek	L.Ac.								http://www.saranaca.org/about/meet-us/	General Acupuncture	General Practice	220	110	
Sarana Community Acupuncture	http://www.saranacommunityacupuncture.com/				Amanda Quvus Kawanami	L.Ac.								http://www.saranaca.org/about/meet-us/	General Acupuncture	General Practice	221	110	
SF Acupuncture	http://sf-acupuncture.com/	4328 18th St San Francisco CA 94114		415-385-4141	Joëlle Dussuyer	L.Ac.						https://www.expertise.com/ca/san-francisco/acupuncture		https://sf-acupuncture.com/about/	Reproductive, and Sports/Work Injury Practice	Personal Bio	222	111	
Stillpoint Wellness Center	http://www.stillpointsf.com/	490 Post Street, Penthouse 1701
 ​San Francisco, California 94102		415-441-5659	Mitsuko Ishimaru-Cortez	ND, L.Ac.						https://www.yelp.com/search?find_desc=Acupuncture&find_loc=San+Francisco,+CA		http://www.stillpointsf.com/dr-mitsuko-ishimaru-cortez-nd-lac-owner.html	Chronic Disease, Women’s Health, Anti-aging Therapies, Mental/Emotional Health,Ppain Management, and Infertility	Personal Bio	223	112	
Stillpoint Wellness Center	http://www.stillpointsf.com/				Yasunori Kiba	L.Ac., RN.								http://www.stillpointsf.com/yasunori-kiba-lac.html	Acute and Chronic Pain Management and Sports Injuries	Personal Bio	224	112	
Tao to Wellness	www.taotowellness.com	809 Hearst Ave, Berkeley, CA 94710		510.883.0383	Nikole Maxey	L.Ac.								https://www.berkeley-acupuncture.com/about-us/	Hormonal Balance, Pain Management, Thyroid Disorders, Digestive Health and Autoimmunity.	Personal Bio	225	113	
Tao to Wellness	www.taotowellness.com				Deanna Tasi	L.Ac.								https://www.berkeley-acupuncture.com/about-us/	Pain Management, Emotional wellness and is a relaxation and Sleep Specialist.	Personal Bio	226	113	
Tao to Wellness	www.taotowellness.com				Treasure De La Cruz	L.Ac.								https://www.berkeley-acupuncture.com/about-us/	Fertility and Pain Management Specialists	Personal Bio	227	113	
Tao to Wellness	www.taotowellness.com				Christina Martin	L.Ac., Dipl.AC, MTOM, FABORM.								https://www.berkeley-acupuncture.com/about-us/	Musculoskeletal, Sports Medicine, Internal Medicine with an emphasis on Gynecology and Fertility.	Personal Bio	228	113	
Temescal Acupuncture Center	http://www.temescalacupuncture.com/index.html	330 41st Street, Temescal Oakland, CA		(510) 654-7054	Brian Barlay	L.Ac.	Yes	General Acupuncutre - look at individual specialists		http://www.temescalacupuncture.com/practitioners.html		http://sf.cityvoter.com/best/acupuncture/beauty-and-wellness/bay-area  http://sanfrancisco.cbslocal.com/top-lists/best-places-for-acupuncture-in-the-bay-area/		http://www.brianbarlay.com/#brian	Musculoskeletal Conditions, Fatigue, Allergies, Pain Conditions, Headaches, PMS	Personal Bio	229	114	
Temescal Acupuncture Center	http://www.temescalacupuncture.com/index.html				Cara Brockbank	L.Ac.								http://www.temescalacupuncture.com/practitioners.html	Women's Health and Family Medicine	Personal Bio	230	114	
Temescal Acupuncture Center	http://www.temescalacupuncture.com/index.html				Deborah Croan	L.Ac.								http://www.deborahcroan.com/	Pain Management, Compromised Immunity and Women's Health. 	Personal Bio	231	114	
Temescal Acupuncture Center	http://www.temescalacupuncture.com/index.html				Bianca Di Giulio	L.Ac.								http://tcmwellnessprinciple.com/#about	Women’s Health and Integrative Oncology	Personal Bio	232	114	
The Blue Buddha	http://sfbluebuddha.com/	1122 Sutter Street
 San Francisco, CA 94109		415.767.5120  415.758.3386  415.939.7827   510.306.1921  415.922.1221	Andrea Lazarin	L.Ac.						https://www.yelp.com/search?find_desc=Acupuncture&find_loc=San+Francisco,+CA		http://sfbluebuddha.com/treatments/practitioners/andrea-lazarin-l-ac/	PMS, Insomnia, Acute Injury and Chronic pain, Depression and Headaches, Anxiety, Stress and Digestive Disorder.	Personal Bio	233	115	
The Blue Buddha	http://sfbluebuddha.com/				Awny Rael	L.Ac.								http://www.onpoint-sf.com/	Anxiety and stress reduction, Pain management for acute and chronic pain, Neuromuscular pain, Headaches & migraines, Sleep disorders, Digestive disorders, Allergies, Reproductive health, Integrative fertility/IVF preparation, Endocrine disorders, Internal medicine, Auto-immune, Oncology/cancer support, Systemic disorders	Personal Bio	234	115	
The Root & The Branch	https://rootandbranchcenter.com/	2409 Sacramento St #2, Pacific Heights San Francisco, CA		(415) 440-7668	Denise Bowden	M.S., L.Ac.		Fertility, Pregnancy, Post Partum, HIV support, Cancer Support, Respiratiory, Mood Disorders, GI Disorders, Pain		https://rootandbranchcenter.com/commonly_treated/		http://sf.cityvoter.com/best/acupuncture/beauty-and-wellness/bay-area   https://www.yelp.com/search?find_desc=Acupuncture&find_loc=San+Francisco,+CA		https://rootandbranchcenter.com/the_clinic/denise-bowden-acupuncture/	Women's Health, Pregnancy Support, Fertilty	Personal Bio	235	116	
The Root & The Branch	https://rootandbranchcenter.com/				Courtney Maree Reiman	DACM, L.Ac.								https://rootandbranchcenter.com/the_clinic/rb-practitioners/courtney-reiman-acupuncturist/	Women’s Health, Orthopedics and Gynecology, Fertility	Personal Bio	236	116	
The Withrow Institute for Reproductive Wellness	http://www.nicolewithrow.com	712 D Street, Suite K San Rafael, CA. 94901		415-747-8671	Nicole Withrow	L.Ac.								http://www.nicolewithrow.com/about/about.php	Fertility, Pregnancy and Postpartum	Personal Bio	237	117	
Tiny Needles	http://www.tinyneedlessf.com/	1808 McAllister Street, Western Addition/NoPa San Francisco, CA		(415) 409-1506	Tanja Dehne	 ​L.Ac.	Yes	Pain Relief, Psychological, Digestive, Respiratory, Women's Health		http://www.tinyneedlessf.com/		http://sf.cityvoter.com/best/acupuncture/beauty-and-wellness/bay-area  https://www.yelp.com/search?find_desc=Acupuncture&find_loc=San+Francisco,+CA		http://www.tinyneedlessf.com/team-tanja-dehne.html	General Acupuncture	General Practice	238	118	
Tiny Needles	http://www.tinyneedlessf.com/				Tara Bianca Rado	L.Ac.								http://www.tinyneedlessf.com/team-tara-bianca-rado.html	Anxiety, Insomnia, Women's health concerns, Chronic and Acute Pain and Autoimmune conditions	Personal Bio	239	118	
Tiny Needles	http://www.tinyneedlessf.com/				Alexis Wynhausen	L.Ac.								http://www.tinyneedlessf.com/team-alexis-wynhausen.html	Woman's Health, Pregnancy Support, Pain Management and Emotional Balancing, Social Anxiety Disorder, Obsessive-Compulsive Disorder (OCD) and Post-Traumatic Stress Disorder (PTSD)	Personal Bio	240	118	
Toci Wellness	https://www.tociwellness.com/	527 Irving Street, San Francisco, CA 94122		503-278-0757	Liam Tarpey	L.Ac.						https://www.yelp.com/search?find_desc=Acupuncture&find_loc=San+Francisco,+CA		https://www.tociwellness.com/about	Carpal Tunnel Syndrome, Tennis Elbow, Lower Back Issues, Menstrual Complications, Shoulder Stiffness, Knee Injuries, Stress, Anxiety, Insomnia, Digestive Disorders, Emotional Imbalances	Personal Bio	241	119	
Tree of Qi Acupuncture Clinic	http://www.treeofqi.com/	2460 Mission Street, Suite 104
 San Francisco CA 94110		(415) 424-3479	Bastian Sascha Schmdt	L.Ac., DIPL. OM						https://www.yelp.com/search?find_desc=Acupuncture&find_loc=San+Francisco,+CA		http://www.treeofqi.com/about-us/	General Acupuncture	General Practice	243	121	
Ume Acupuncture & Integrative Medicine	https://umeacupuncture.wordpress.com/	94 29th Street 
 San Francisco, CA 94110		(415) 282-2806	Christine Chung	L.Ac., FABORM								https://umeacupuncture.wordpress.com/practitioners/christine-chung-acupuncture/	Reproductive Health and Fertility, Pain Management, Digestive Complaints, and Immune-related Conditions	Personal Bio	244	122	
Ume Acupuncture & Integrative Medicine	https://umeacupuncture.wordpress.com/				Shannon Teshima	L.Ac.								https://umeacupuncture.wordpress.com/practitioners/shannon-teshima-acupuncture/	Women’s Health and Fertility, OB/Gyn, Pediatrics and Autoimmune Disorders.	Personal Bio	245	122	
Ume Acupuncture & Integrative Medicine	https://umeacupuncture.wordpress.com/				Jasmine Rose Oberste	L.Ac.								https://umeacupuncture.wordpress.com/practitioners/jasmine-rose-oberste-lac/	General Acupuncture	General Practice	246	122	
Gentle Needle	https://gentleneedle.com/	2369 Ocean Ave Fl 2, San Francisco, CA 94127  101 N. El Camino Real, Suite #3 San Mateo, CA 94401		415-334-5321  415-334-5321	Michelle Masangkay	L.Ac.		sports, pain, work pain				https://www.yelp.com/search?find_desc=Acupuncture&find_loc=San+Francisco,+CA		https://gentleneedle.com/	Musculoskeletal / Orthopedic	Personal Bio	247	#N/A	
Whole Family Wellness Center	http://www.yourwholefamilywellness.com/	1240 Powell Street, Suite 2A Emeryville CA 94608		(510) 851-3006	Jill Stevens	M.S.T.C.M., L.Ac., DIPL.O.M., C.M.T.		pediatrics , Women's Health, Pregnancy, Family Care		http://www.yourwholefamilywellness.com/what-we-treat/	Yes  Cigna United Health Great West	http://sf.cityvoter.com/best/acupuncture/beauty-and-wellness/bay-area		http://www.yourwholefamilywellness.com/practitioners/	Digestive, Immune System, Pediatric, Emotional, Musculoskeletal, Pregnancy, Endocrine, Neurological, Women's Health	Personal Bio	248	124	
Wu's Healing Center	http://wushealingcenter.com/	1014 Clement St, Inner Richmond San Francisco, CA		(415) 750-5050	Angela Wu	C.M.D. (China) L.Ac., O.M.D.						http://sf.cityvoter.com/best/acupuncture/beauty-and-wellness/bay-area		http://wushealingcenter.com/about/dr-angela-c-wu/	Women's Health, General Wellness, Fertility	Personal Bio	249	125	
The Acupuncture Spot	https://www.acupuncturespot.com/				Danielle Boucher												250	128	
Protea Acupuncture (SF)	http://proteaacupuncture.com/				Heather Huber												251	129	DOUBLE
Protea Acupuncture (Mill Valley)	http://proteaacupuncture.com/				Heather Huber												251	130	